distances_id,distance,probs
Metazoa_16s:LB2:1,0.7480197855912256,0.9999864173377958
